Candidate Name,Candidate Email,Company,Interview Round,Calendly Link,Added On,Mail Sent Time,TAT (Hours)
Rahul Verma,rahul.verma98@gmail1234.com,Amazon,Round1,https://calendly.com/interview/41540,04 Nov 1:18,,
Rahul Verma,rahul.verma98@gmail1234.com,Amazon,Round2,https://calendly.com/interview/97428,04 Nov 1:18,,
Vivaan Bose,vivaan.bose466@gmail1234.com,Google,Round1,https://calendly.com/interview/85790,04 Nov 0:50,,
Vivaan Bose,vivaan.bose466@gmail1234.com,Google,Round2,https://calendly.com/interview/85510,04 Nov 0:50,,
Vivaan Bose,vivaan.bose466@gmail1234.com,Google,Round3,https://calendly.com/interview/84686,04 Nov 0:50,,
Simran Reddy,simran.reddy663@gmail1234.com,Tesla,Round1,https://calendly.com/interview/54385,02 Nov 23:04,,
Simran Reddy,simran.reddy663@gmail1234.com,Tesla,Round2,https://calendly.com/interview/15662,02 Nov 23:04,,
Simran Reddy,simran.reddy663@gmail1234.com,Tesla,Round3,https://calendly.com/interview/47976,02 Nov 23:04,,
Kunal Bose,kunal.bose76@gmail1234.com,Amazon,Round1,https://calendly.com/interview/70828,02 Nov 15:18,,
Kunal Bose,kunal.bose76@gmail1234.com,Amazon,Round2,https://calendly.com/interview/50241,02 Nov 15:18,,
Kunal Bose,kunal.bose76@gmail1234.com,Amazon,Round3,https://calendly.com/interview/25181,02 Nov 15:18,,
Sanya Bose,sanya.bose275@gmail1234.com,Tesla,Round1,https://calendly.com/interview/52290,04 Nov 1:14,,
Sanya Bose,sanya.bose275@gmail1234.com,Tesla,Round2,https://calendly.com/interview/86943,04 Nov 1:14,,
Aditya Iyer,aditya.iyer652@gmail1234.com,Amazon,Round1,https://calendly.com/interview/30185,03 Nov 17:33,,
Arjun Kapoor,arjun.kapoor851@gmail1234.com,Google,Round1,https://calendly.com/interview/56213,04 Nov 19:00,,
Arjun Kapoor,arjun.kapoor851@gmail1234.com,Google,Round2,https://calendly.com/interview/80991,04 Nov 19:00,,
Arjun Kapoor,arjun.kapoor851@gmail1234.com,Google,Round3,https://calendly.com/interview/88408,04 Nov 19:00,,
Kunal Sharma,kunal.sharma594@gmail1234.com,Open AI,Round1,https://calendly.com/interview/51392,03 Nov 6:15,,
Kunal Sharma,kunal.sharma594@gmail1234.com,Open AI,Round2,https://calendly.com/interview/76696,03 Nov 6:15,,
Sanya Verma,sanya.verma339@gmail1234.com,Google,Round1,https://calendly.com/interview/98375,05 Nov 7:11,,
Sanya Verma,sanya.verma339@gmail1234.com,Google,Round2,https://calendly.com/interview/65481,05 Nov 7:11,,
Sanya Verma,sanya.verma339@gmail1234.com,Google,Round3,https://calendly.com/interview/56318,05 Nov 7:11,,
Sanya Iyer,sanya.iyer341@gmail1234.com,Amazon,Round1,https://calendly.com/interview/46883,05 Nov 3:13,,
Sanya Iyer,sanya.iyer341@gmail1234.com,Amazon,Round2,https://calendly.com/interview/87292,05 Nov 3:13,,
Rhea Iyer,rhea.iyer327@gmail1234.com,Tesla,Round1,https://calendly.com/interview/75776,04 Nov 20:19,,
Rhea Iyer,rhea.iyer327@gmail1234.com,Tesla,Round2,https://calendly.com/interview/89769,04 Nov 20:19,,
Rohan Patel,rohan.patel849@gmail1234.com,Flipkart,Round1,https://calendly.com/interview/68085,04 Nov 13:29,,
Neha Gupta,neha.gupta513@gmail1234.com,Google,Round1,https://calendly.com/interview/50479,05 Nov 13:55,,
Kritika Verma,kritika.verma937@gmail1234.com,Amazon,Round1,https://calendly.com/interview/73859,03 Nov 21:39,,
Rahul Patel,rahul.patel730@gmail1234.com,Tesla,Round1,https://calendly.com/interview/55174,02 Nov 9:02,,
Rahul Patel,rahul.patel730@gmail1234.com,Tesla,Round2,https://calendly.com/interview/18794,02 Nov 9:02,,
Kunal Iyer,kunal.iyer481@gmail1234.com,Open AI,Round1,https://calendly.com/interview/27408,04 Nov 22:31,,
Kunal Iyer,kunal.iyer481@gmail1234.com,Open AI,Round2,https://calendly.com/interview/40002,04 Nov 22:31,,
Kritika Kapoor,kritika.kapoor552@gmail1234.com,Open AI,Round1,https://calendly.com/interview/43918,02 Nov 11:27,,
Kritika Kapoor,kritika.kapoor552@gmail1234.com,Open AI,Round2,https://calendly.com/interview/41345,02 Nov 11:27,,
Rahul Nair,rahul.nair645@gmail1234.com,Tesla,Round1,https://calendly.com/interview/68179,01 Nov 11:31,,
Rahul Nair,rahul.nair645@gmail1234.com,Tesla,Round2,https://calendly.com/interview/48948,01 Nov 11:31,,
Kabir Verma,kabir.verma182@gmail1234.com,Google,Round1,https://calendly.com/interview/88556,04 Nov 8:05,,
Vivaan Patel,vivaan.patel290@gmail1234.com,Flipkart,Round1,https://calendly.com/interview/97185,03 Nov 1:39,,
Vivaan Patel,vivaan.patel290@gmail1234.com,Flipkart,Round2,https://calendly.com/interview/76927,03 Nov 1:39,,
Arjun Nair,arjun.nair658@gmail1234.com,Open AI,Round1,https://calendly.com/interview/72922,04 Nov 20:58,,
Sanya Gupta,sanya.gupta349@gmail1234.com,Amazon,Round1,https://calendly.com/interview/84597,01 Nov 11:32,,
Sanya Gupta,sanya.gupta349@gmail1234.com,Amazon,Round2,https://calendly.com/interview/23187,01 Nov 11:32,,
Vivaan Gupta,vivaan.gupta605@gmail1234.com,Flipkart,Round1,https://calendly.com/interview/12865,03 Nov 2:47,,
Vivaan Gupta,vivaan.gupta605@gmail1234.com,Flipkart,Round2,https://calendly.com/interview/79241,03 Nov 2:47,,
Vivaan Gupta,vivaan.gupta605@gmail1234.com,Flipkart,Round3,https://calendly.com/interview/12914,03 Nov 2:47,,
Simran Bose,simran.bose351@gmail1234.com,Tesla,Round1,https://calendly.com/interview/24142,05 Nov 5:39,,
Rhea Bose,rhea.bose498@gmail1234.com,Google,Round1,https://calendly.com/interview/51708,03 Nov 11:03,,
Rhea Bose,rhea.bose498@gmail1234.com,Google,Round2,https://calendly.com/interview/76403,03 Nov 11:03,,
Rhea Bose,rhea.bose498@gmail1234.com,Google,Round3,https://calendly.com/interview/31412,03 Nov 11:03,,
Neha Bose,neha.bose93@gmail1234.com,Tesla,Round1,https://calendly.com/interview/23260,03 Nov 10:31,,
Neha Bose,neha.bose93@gmail1234.com,Tesla,Round2,https://calendly.com/interview/74092,03 Nov 10:31,,
Neha Bose,neha.bose93@gmail1234.com,Tesla,Round3,https://calendly.com/interview/12963,03 Nov 10:31,,
Vivaan Nair,vivaan.nair214@gmail1234.com,Amazon,Round1,https://calendly.com/interview/64914,02 Nov 5:48,,
Vivaan Nair,vivaan.nair214@gmail1234.com,Amazon,Round2,https://calendly.com/interview/70562,02 Nov 5:48,,
Simran Sharma,simran.sharma97@gmail1234.com,Open AI,Round1,https://calendly.com/interview/17212,02 Nov 20:00,,
Simran Sharma,simran.sharma97@gmail1234.com,Open AI,Round2,https://calendly.com/interview/39104,02 Nov 20:00,,
Aarav Sharma,aarav.sharma99@gmail1234.com,Google,Round1,https://calendly.com/interview/77347,02 Nov 14:51,,
Aarav Sharma,aarav.sharma99@gmail1234.com,Google,Round2,https://calendly.com/interview/46141,02 Nov 14:51,,
Aarav Sharma,aarav.sharma99@gmail1234.com,Google,Round3,https://calendly.com/interview/98705,02 Nov 14:51,,
Simran Mehta,simran.mehta153@gmail1234.com,Open AI,Round1,https://calendly.com/interview/93046,03 Nov 23:12,,
Simran Mehta,simran.mehta153@gmail1234.com,Open AI,Round2,https://calendly.com/interview/69850,03 Nov 23:12,,
Arjun Bose,arjun.bose176@gmail1234.com,Google,Round1,https://calendly.com/interview/85452,04 Nov 17:40,,
Arjun Bose,arjun.bose176@gmail1234.com,Google,Round2,https://calendly.com/interview/38878,04 Nov 17:40,,
Simran Sharma,simran.sharma232@gmail1234.com,Google,Round1,https://calendly.com/interview/51696,01 Nov 19:58,,
Simran Sharma,simran.sharma232@gmail1234.com,Google,Round2,https://calendly.com/interview/89410,01 Nov 19:58,,
Aarav Verma,aarav.verma607@gmail1234.com,Amazon,Round1,https://calendly.com/interview/77116,04 Nov 0:41,,
Kritika Nair,kritika.nair563@gmail1234.com,Tesla,Round1,https://calendly.com/interview/15056,01 Nov 21:24,,
Simran Kapoor,simran.kapoor373@gmail1234.com,Tesla,Round1,https://calendly.com/interview/78631,02 Nov 22:24,,
Simran Kapoor,simran.kapoor373@gmail1234.com,Tesla,Round2,https://calendly.com/interview/27432,02 Nov 22:24,,
Simran Kapoor,simran.kapoor373@gmail1234.com,Tesla,Round3,https://calendly.com/interview/18657,02 Nov 22:24,,
Rohan Patel,rohan.patel196@gmail1234.com,Google,Round1,https://calendly.com/interview/98361,02 Nov 18:49,,
Rohan Patel,rohan.patel196@gmail1234.com,Google,Round2,https://calendly.com/interview/28296,02 Nov 18:49,,
Vivaan Sharma,vivaan.sharma229@gmail1234.com,Tesla,Round1,https://calendly.com/interview/66157,02 Nov 14:56,,
Arjun Gupta,arjun.gupta187@gmail1234.com,Google,Round1,https://calendly.com/interview/73562,03 Nov 22:21,,
Virat Gupta,virat.gupta464@gmail1234.com,Tesla,Round1,https://calendly.com/interview/84502,02 Nov 10:01,,
Virat Gupta,virat.gupta464@gmail1234.com,Tesla,Round2,https://calendly.com/interview/99868,02 Nov 10:01,,
Priya Bose,priya.bose473@gmail1234.com,Google,Round1,https://calendly.com/interview/75296,03 Nov 17:51,,
Ishaan Sharma,ishaan.sharma963@gmail1234.com,Open AI,Round1,https://calendly.com/interview/40827,01 Nov 14:41,,
Ishaan Sharma,ishaan.sharma963@gmail1234.com,Open AI,Round2,https://calendly.com/interview/72398,01 Nov 14:41,,
Ishaan Sharma,ishaan.sharma963@gmail1234.com,Open AI,Round3,https://calendly.com/interview/33994,01 Nov 14:41,,
Ishaan Patel,ishaan.patel685@gmail1234.com,Flipkart,Round1,https://calendly.com/interview/95817,01 Nov 20:11,,
Rohan Patel,rohan.patel109@gmail1234.com,Amazon,Round1,https://calendly.com/interview/47876,02 Nov 6:59,,
Kabir Patel,kabir.patel496@gmail1234.com,Tesla,Round1,https://calendly.com/interview/82104,04 Nov 3:36,,
Kabir Patel,kabir.patel496@gmail1234.com,Tesla,Round2,https://calendly.com/interview/90240,04 Nov 3:36,,
Kabir Patel,kabir.patel496@gmail1234.com,Tesla,Round3,https://calendly.com/interview/27378,04 Nov 3:36,,
Rohan Reddy,rohan.reddy816@gmail1234.com,Amazon,Round1,https://calendly.com/interview/91228,05 Nov 19:12,,
Rohan Reddy,rohan.reddy816@gmail1234.com,Amazon,Round2,https://calendly.com/interview/85896,05 Nov 19:12,,
Rohan Reddy,rohan.reddy816@gmail1234.com,Amazon,Round3,https://calendly.com/interview/64045,05 Nov 19:12,,
Ishaan Gupta,ishaan.gupta218@gmail1234.com,Flipkart,Round1,https://calendly.com/interview/73444,02 Nov 2:25,,
Arjun Gupta,arjun.gupta919@gmail1234.com,Amazon,Round1,https://calendly.com/interview/30415,01 Nov 11:54,,
Arjun Gupta,arjun.gupta919@gmail1234.com,Amazon,Round2,https://calendly.com/interview/75877,01 Nov 11:54,,
Arjun Bose,arjun.bose284@gmail1234.com,Google,Round1,https://calendly.com/interview/83246,02 Nov 17:06,,
Arjun Bose,arjun.bose284@gmail1234.com,Google,Round2,https://calendly.com/interview/25715,02 Nov 17:06,,
Arjun Bose,arjun.bose284@gmail1234.com,Google,Round3,https://calendly.com/interview/67891,02 Nov 17:06,,
Rohan Mehta,rohan.mehta490@gmail1234.com,Google,Round1,https://calendly.com/interview/71846,02 Nov 10:31,,
Rohan Mehta,rohan.mehta490@gmail1234.com,Google,Round2,https://calendly.com/interview/22519,02 Nov 10:31,,
Rohan Mehta,rohan.mehta490@gmail1234.com,Google,Round3,https://calendly.com/interview/73299,02 Nov 10:31,,
Aditya Sharma,aditya.sharma299@gmail1234.com,Flipkart,Round1,https://calendly.com/interview/82306,05 Nov 6:25,,
Aditya Sharma,aditya.sharma299@gmail1234.com,Flipkart,Round2,https://calendly.com/interview/55590,05 Nov 6:25,,
Aditya Sharma,aditya.sharma299@gmail1234.com,Flipkart,Round3,https://calendly.com/interview/90832,05 Nov 6:25,,
Ishaan Bose,ishaan.bose373@gmail1234.com,Open AI,Round1,https://calendly.com/interview/56977,04 Nov 18:23,,
Ishaan Bose,ishaan.bose373@gmail1234.com,Open AI,Round2,https://calendly.com/interview/81930,04 Nov 18:23,,
Neha Verma,neha.verma189@gmail1234.com,Tesla,Round1,https://calendly.com/interview/94445,03 Nov 20:29,,
Neha Gupta,neha.gupta741@gmail1234.com,Google,Round1,https://calendly.com/interview/18169,02 Nov 2:22,,
Kunal Gupta,kunal.gupta653@gmail1234.com,Amazon,Round1,https://calendly.com/interview/53670,03 Nov 19:41,,
Kunal Iyer,kunal.iyer548@gmail1234.com,Amazon,Round1,https://calendly.com/interview/50748,04 Nov 5:05,,
Kunal Iyer,kunal.iyer548@gmail1234.com,Amazon,Round2,https://calendly.com/interview/26377,04 Nov 5:05,,
Kunal Iyer,kunal.iyer548@gmail1234.com,Amazon,Round3,https://calendly.com/interview/97373,04 Nov 5:05,,
Arjun Bose,arjun.bose608@gmail1234.com,Tesla,Round1,https://calendly.com/interview/10400,04 Nov 2:12,,
Ishaan Bose,ishaan.bose935@gmail1234.com,Flipkart,Round1,https://calendly.com/interview/51950,04 Nov 7:42,,
Rohan Mehta,rohan.mehta988@gmail1234.com,Open AI,Round1,https://calendly.com/interview/13614,05 Nov 16:40,,
Isha Iyer,isha.iyer260@gmail1234.com,Flipkart,Round1,https://calendly.com/interview/25594,03 Nov 8:12,,
Ananya Verma,ananya.verma278@gmail1234.com,Flipkart,Round1,https://calendly.com/interview/94640,02 Nov 21:43,,
Ananya Verma,ananya.verma278@gmail1234.com,Flipkart,Round2,https://calendly.com/interview/14661,02 Nov 21:43,,
Pooja Kapoor,pooja.kapoor170@gmail1234.com,Amazon,Round1,https://calendly.com/interview/75033,04 Nov 22:42,,
Meera Sharma,meera.sharma862@gmail1234.com,Google,Round1,https://calendly.com/interview/31679,05 Nov 16:44,,
Meera Sharma,meera.sharma862@gmail1234.com,Google,Round2,https://calendly.com/interview/62401,05 Nov 16:44,,
Rahul Sharma,rahul.sharma697@gmail1234.com,Open AI,Round1,https://calendly.com/interview/30003,04 Nov 4:15,,
Rahul Sharma,rahul.sharma697@gmail1234.com,Open AI,Round2,https://calendly.com/interview/76739,04 Nov 4:15,,
Aditya Sharma,aditya.sharma276@gmail1234.com,Flipkart,Round1,https://calendly.com/interview/75622,02 Nov 22:57,,
Rhea Iyer,rhea.iyer355@gmail1234.com,Tesla,Round1,https://calendly.com/interview/57302,01 Nov 21:19,,
Rhea Iyer,rhea.iyer355@gmail1234.com,Tesla,Round2,https://calendly.com/interview/48959,01 Nov 21:19,,
Meera Iyer,meera.iyer135@gmail1234.com,Flipkart,Round1,https://calendly.com/interview/30569,02 Nov 19:07,,
Virat Reddy,virat.reddy566@gmail1234.com,Tesla,Round1,https://calendly.com/interview/17022,05 Nov 16:25,,
Virat Reddy,virat.reddy566@gmail1234.com,Tesla,Round2,https://calendly.com/interview/90919,05 Nov 16:25,,
Pooja Sharma,pooja.sharma481@gmail1234.com,Amazon,Round1,https://calendly.com/interview/16047,03 Nov 15:37,,
Pooja Sharma,pooja.sharma481@gmail1234.com,Amazon,Round2,https://calendly.com/interview/51291,03 Nov 15:37,,
Arjun Sharma,arjun.sharma749@gmail1234.com,Tesla,Round1,https://calendly.com/interview/85991,03 Nov 16:36,,
Arjun Sharma,arjun.sharma749@gmail1234.com,Tesla,Round2,https://calendly.com/interview/21846,03 Nov 16:36,,
Arjun Sharma,arjun.sharma749@gmail1234.com,Tesla,Round3,https://calendly.com/interview/21004,03 Nov 16:36,,
Simran Bose,simran.bose715@gmail1234.com,Tesla,Round1,https://calendly.com/interview/52248,04 Nov 9:47,,
Simran Bose,simran.bose715@gmail1234.com,Tesla,Round2,https://calendly.com/interview/51496,04 Nov 9:47,,
Isha Verma,isha.verma381@gmail1234.com,Tesla,Round1,https://calendly.com/interview/67825,05 Nov 14:57,,
Kritika Mehta,kritika.mehta206@gmail1234.com,Flipkart,Round1,https://calendly.com/interview/32271,03 Nov 9:43,,
Kritika Mehta,kritika.mehta206@gmail1234.com,Flipkart,Round2,https://calendly.com/interview/67673,03 Nov 9:43,,
Ananya Iyer,ananya.iyer538@gmail1234.com,Flipkart,Round1,https://calendly.com/interview/66153,03 Nov 10:21,,
Neha Kapoor,neha.kapoor352@gmail1234.com,Flipkart,Round1,https://calendly.com/interview/25364,01 Nov 23:17,,
Kunal Sharma,kunal.sharma774@gmail1234.com,Open AI,Round1,https://calendly.com/interview/67642,02 Nov 23:20,,
Kunal Sharma,kunal.sharma774@gmail1234.com,Open AI,Round2,https://calendly.com/interview/30855,02 Nov 23:20,,
Vivaan Bose,vivaan.bose157@gmail1234.com,Tesla,Round1,https://calendly.com/interview/47585,05 Nov 0:38,,
Vivaan Bose,vivaan.bose157@gmail1234.com,Tesla,Round2,https://calendly.com/interview/44432,05 Nov 0:38,,
Vivaan Bose,vivaan.bose157@gmail1234.com,Tesla,Round3,https://calendly.com/interview/45755,05 Nov 0:38,,
Aarav Gupta,aarav.gupta135@gmail1234.com,Flipkart,Round1,https://calendly.com/interview/14541,04 Nov 22:48,,
Aarav Gupta,aarav.gupta135@gmail1234.com,Flipkart,Round2,https://calendly.com/interview/22207,04 Nov 22:48,,
Aarav Gupta,aarav.gupta135@gmail1234.com,Flipkart,Round3,https://calendly.com/interview/70988,04 Nov 22:48,,
Aarav Reddy,aarav.reddy144@gmail1234.com,Amazon,Round1,https://calendly.com/interview/11398,04 Nov 8:10,,
Virat Kapoor,virat.kapoor512@gmail1234.com,Amazon,Round1,https://calendly.com/interview/76538,02 Nov 13:52,,
Kunal Bose,kunal.bose935@gmail1234.com,Flipkart,Round1,https://calendly.com/interview/90543,02 Nov 5:42,,
Simran Nair,simran.nair570@gmail1234.com,Open AI,Round1,https://calendly.com/interview/45576,02 Nov 13:41,,
Kunal Kapoor,kunal.kapoor407@gmail1234.com,Google,Round1,https://calendly.com/interview/33148,03 Nov 20:07,,
Kunal Kapoor,kunal.kapoor407@gmail1234.com,Google,Round2,https://calendly.com/interview/82567,03 Nov 20:07,,
Virat Mehta,virat.mehta558@gmail1234.com,Tesla,Round1,https://calendly.com/interview/18365,04 Nov 18:57,,
Neha Patel,neha.patel52@gmail1234.com,Flipkart,Round1,https://calendly.com/interview/65163,03 Nov 5:45,,
Neha Patel,neha.patel52@gmail1234.com,Flipkart,Round2,https://calendly.com/interview/17817,03 Nov 5:45,,
Virat Mehta,virat.mehta692@gmail1234.com,Open AI,Round1,https://calendly.com/interview/61929,05 Nov 16:57,,
Virat Mehta,virat.mehta692@gmail1234.com,Open AI,Round2,https://calendly.com/interview/80224,05 Nov 16:57,,
Aarav Verma,aarav.verma846@gmail1234.com,Tesla,Round1,https://calendly.com/interview/77305,02 Nov 21:47,,
Aarav Verma,aarav.verma846@gmail1234.com,Tesla,Round2,https://calendly.com/interview/76754,02 Nov 21:47,,
Aarav Verma,aarav.verma846@gmail1234.com,Tesla,Round3,https://calendly.com/interview/96928,02 Nov 21:47,,
Ishaan Reddy,ishaan.reddy673@gmail1234.com,Flipkart,Round1,https://calendly.com/interview/66341,02 Nov 17:16,,
Ishaan Reddy,ishaan.reddy673@gmail1234.com,Flipkart,Round2,https://calendly.com/interview/89697,02 Nov 17:16,,
Rhea Reddy,rhea.reddy363@gmail1234.com,Google,Round1,https://calendly.com/interview/81166,01 Nov 23:57,,
Rhea Reddy,rhea.reddy363@gmail1234.com,Google,Round2,https://calendly.com/interview/73917,01 Nov 23:57,,
Meera Kapoor,meera.kapoor798@gmail1234.com,Tesla,Round1,https://calendly.com/interview/20952,01 Nov 22:21,,
Meera Kapoor,meera.kapoor798@gmail1234.com,Tesla,Round2,https://calendly.com/interview/33697,01 Nov 22:21,,
Neha Reddy,neha.reddy350@gmail1234.com,Tesla,Round1,https://calendly.com/interview/71359,05 Nov 2:08,,
Kabir Sharma,kabir.sharma479@gmail1234.com,Google,Round1,https://calendly.com/interview/93592,01 Nov 15:55,,
Kabir Sharma,kabir.sharma479@gmail1234.com,Google,Round2,https://calendly.com/interview/46097,01 Nov 15:55,,
Kabir Sharma,kabir.sharma479@gmail1234.com,Google,Round3,https://calendly.com/interview/33232,01 Nov 15:55,,
Pooja Bose,pooja.bose914@gmail1234.com,Tesla,Round1,https://calendly.com/interview/40505,03 Nov 20:17,,
Vivaan Gupta,vivaan.gupta273@gmail1234.com,Open AI,Round1,https://calendly.com/interview/90609,03 Nov 3:34,,
Vivaan Gupta,vivaan.gupta273@gmail1234.com,Open AI,Round2,https://calendly.com/interview/57578,03 Nov 3:34,,
Vivaan Gupta,vivaan.gupta273@gmail1234.com,Open AI,Round3,https://calendly.com/interview/39466,03 Nov 3:34,,
Kabir Sharma,kabir.sharma722@gmail1234.com,Amazon,Round1,https://calendly.com/interview/49512,05 Nov 17:44,,
Kabir Sharma,kabir.sharma722@gmail1234.com,Amazon,Round2,https://calendly.com/interview/71117,05 Nov 17:44,,
Kabir Sharma,kabir.sharma722@gmail1234.com,Amazon,Round3,https://calendly.com/interview/40819,05 Nov 17:44,,
Rohan Verma,rohan.verma106@gmail1234.com,Tesla,Round1,https://calendly.com/interview/67166,05 Nov 12:21,,
Rohan Verma,rohan.verma106@gmail1234.com,Tesla,Round2,https://calendly.com/interview/57449,05 Nov 12:21,,
Rohan Verma,rohan.verma106@gmail1234.com,Tesla,Round3,https://calendly.com/interview/48690,05 Nov 12:21,,
Rohan Reddy,rohan.reddy549@gmail1234.com,Amazon,Round1,https://calendly.com/interview/19125,03 Nov 12:11,,
Rohan Reddy,rohan.reddy549@gmail1234.com,Amazon,Round2,https://calendly.com/interview/88296,03 Nov 12:11,,
Rohan Reddy,rohan.reddy549@gmail1234.com,Amazon,Round3,https://calendly.com/interview/83789,03 Nov 12:11,,
Neha Patel,neha.patel233@gmail1234.com,Open AI,Round1,https://calendly.com/interview/65335,02 Nov 2:19,,
Neha Patel,neha.patel233@gmail1234.com,Open AI,Round2,https://calendly.com/interview/48392,02 Nov 2:19,,
Kunal Kapoor,kunal.kapoor402@gmail1234.com,Flipkart,Round1,https://calendly.com/interview/65401,01 Nov 9:53,,
Kunal Bose,kunal.bose933@gmail1234.com,Flipkart,Round1,https://calendly.com/interview/24461,01 Nov 9:15,,
Kunal Bose,kunal.bose933@gmail1234.com,Flipkart,Round2,https://calendly.com/interview/86533,01 Nov 9:15,,
Kunal Bose,kunal.bose933@gmail1234.com,Flipkart,Round3,https://calendly.com/interview/48873,01 Nov 9:15,,
Neha Mehta,neha.mehta46@gmail1234.com,Open AI,Round1,https://calendly.com/interview/92775,03 Nov 14:05,,
Neha Nair,neha.nair631@gmail1234.com,Amazon,Round1,https://calendly.com/interview/67635,02 Nov 19:45,,
Neha Nair,neha.nair631@gmail1234.com,Amazon,Round2,https://calendly.com/interview/38499,02 Nov 19:45,,
Rhea Nair,rhea.nair595@gmail1234.com,Amazon,Round1,https://calendly.com/interview/82028,04 Nov 10:26,,
Ananya Patel,ananya.patel110@gmail1234.com,Flipkart,Round1,https://calendly.com/interview/39769,02 Nov 22:05,,
Rahul Nair,rahul.nair400@gmail1234.com,Tesla,Round1,https://calendly.com/interview/22488,05 Nov 9:55,,
Rahul Nair,rahul.nair400@gmail1234.com,Tesla,Round2,https://calendly.com/interview/11703,05 Nov 9:55,,
Rahul Nair,rahul.nair400@gmail1234.com,Tesla,Round3,https://calendly.com/interview/34541,05 Nov 9:55,,
Rahul Verma,rahul.verma959@gmail1234.com,Tesla,Round1,https://calendly.com/interview/48832,04 Nov 18:20,,
Meera Gupta,meera.gupta236@gmail1234.com,Tesla,Round1,https://calendly.com/interview/24906,04 Nov 8:32,,
Simran Iyer,simran.iyer419@gmail1234.com,Google,Round1,https://calendly.com/interview/20245,02 Nov 7:26,,
Simran Iyer,simran.iyer419@gmail1234.com,Google,Round2,https://calendly.com/interview/68548,02 Nov 7:26,,
Simran Iyer,simran.iyer419@gmail1234.com,Google,Round3,https://calendly.com/interview/81697,02 Nov 7:26,,
Kabir Patel,kabir.patel177@gmail1234.com,Tesla,Round1,https://calendly.com/interview/17174,04 Nov 20:03,,
Kabir Patel,kabir.patel177@gmail1234.com,Tesla,Round2,https://calendly.com/interview/53246,04 Nov 20:03,,
Kabir Patel,kabir.patel177@gmail1234.com,Tesla,Round3,https://calendly.com/interview/64556,04 Nov 20:03,,
Neha Verma,neha.verma480@gmail1234.com,Google,Round1,https://calendly.com/interview/18072,05 Nov 15:05,,
Kabir Bose,kabir.bose549@gmail1234.com,Open AI,Round1,https://calendly.com/interview/82250,02 Nov 3:02,,
Kabir Bose,kabir.bose549@gmail1234.com,Open AI,Round2,https://calendly.com/interview/33338,02 Nov 3:02,,
Kabir Bose,kabir.bose549@gmail1234.com,Open AI,Round3,https://calendly.com/interview/34936,02 Nov 3:02,,
Kritika Gupta,kritika.gupta874@gmail1234.com,Google,Round1,https://calendly.com/interview/82240,03 Nov 21:46,,
Isha Gupta,isha.gupta153@gmail1234.com,Open AI,Round1,https://calendly.com/interview/68846,01 Nov 13:02,,
Isha Gupta,isha.gupta153@gmail1234.com,Open AI,Round2,https://calendly.com/interview/95670,01 Nov 13:02,,
Isha Gupta,isha.gupta153@gmail1234.com,Open AI,Round3,https://calendly.com/interview/64322,01 Nov 13:02,,
Kritika Kapoor,kritika.kapoor28@gmail1234.com,Amazon,Round1,https://calendly.com/interview/58791,04 Nov 6:48,,
Kritika Kapoor,kritika.kapoor28@gmail1234.com,Amazon,Round2,https://calendly.com/interview/46154,04 Nov 6:48,,
Kritika Kapoor,kritika.kapoor28@gmail1234.com,Amazon,Round3,https://calendly.com/interview/53073,04 Nov 6:48,,
Meera Verma,meera.verma826@gmail1234.com,Amazon,Round1,https://calendly.com/interview/57952,02 Nov 22:10,,
Meera Verma,meera.verma826@gmail1234.com,Amazon,Round2,https://calendly.com/interview/21671,02 Nov 22:10,,
Meera Verma,meera.verma826@gmail1234.com,Amazon,Round3,https://calendly.com/interview/48468,02 Nov 22:10,,
Meera Kapoor,meera.kapoor807@gmail1234.com,Tesla,Round1,https://calendly.com/interview/87645,02 Nov 9:24,,
Pooja Sharma,pooja.sharma448@gmail1234.com,Amazon,Round1,https://calendly.com/interview/95295,04 Nov 3:49,,
Rhea Sharma,rhea.sharma536@gmail1234.com,Google,Round1,https://calendly.com/interview/72912,05 Nov 0:32,,
Rhea Sharma,rhea.sharma536@gmail1234.com,Google,Round2,https://calendly.com/interview/18624,05 Nov 0:32,,
Rhea Sharma,rhea.sharma536@gmail1234.com,Google,Round3,https://calendly.com/interview/12945,05 Nov 0:32,,
Isha Mehta,isha.mehta611@gmail1234.com,Tesla,Round1,https://calendly.com/interview/50222,03 Nov 21:58,,
Isha Mehta,isha.mehta611@gmail1234.com,Tesla,Round2,https://calendly.com/interview/40191,03 Nov 21:58,,
Ananya Sharma,ananya.sharma296@gmail1234.com,Google,Round1,https://calendly.com/interview/83918,02 Nov 15:09,,
Ananya Sharma,ananya.sharma296@gmail1234.com,Google,Round2,https://calendly.com/interview/80925,02 Nov 15:09,,
Ananya Sharma,ananya.sharma296@gmail1234.com,Google,Round3,https://calendly.com/interview/79962,02 Nov 15:09,,
Virat Sharma,virat.sharma345@gmail1234.com,Google,Round1,https://calendly.com/interview/74582,02 Nov 13:31,,
Virat Sharma,virat.sharma345@gmail1234.com,Google,Round2,https://calendly.com/interview/52068,02 Nov 13:31,,
Virat Sharma,virat.sharma345@gmail1234.com,Google,Round3,https://calendly.com/interview/19753,02 Nov 13:31,,
Sanya Iyer,sanya.iyer657@gmail1234.com,Amazon,Round1,https://calendly.com/interview/29577,01 Nov 20:09,,
Priya Kapoor,priya.kapoor577@gmail1234.com,Google,Round1,https://calendly.com/interview/88874,02 Nov 5:54,,
Arjun Reddy,arjun.reddy475@gmail1234.com,Open AI,Round1,https://calendly.com/interview/65096,05 Nov 11:12,,
Pooja Patel,pooja.patel144@gmail1234.com,Google,Round1,https://calendly.com/interview/86592,05 Nov 11:15,,
Pooja Patel,pooja.patel144@gmail1234.com,Google,Round2,https://calendly.com/interview/29695,05 Nov 11:15,,
Pooja Patel,pooja.patel144@gmail1234.com,Google,Round3,https://calendly.com/interview/37573,05 Nov 11:15,,
Ananya Sharma,ananya.sharma949@gmail1234.com,Open AI,Round1,https://calendly.com/interview/38827,04 Nov 4:15,,
Ananya Sharma,ananya.sharma949@gmail1234.com,Open AI,Round2,https://calendly.com/interview/99786,04 Nov 4:15,,
Kabir Iyer,kabir.iyer515@gmail1234.com,Tesla,Round1,https://calendly.com/interview/44996,05 Nov 13:28,,
Kabir Iyer,kabir.iyer515@gmail1234.com,Tesla,Round2,https://calendly.com/interview/98072,05 Nov 13:28,,
Kabir Iyer,kabir.iyer515@gmail1234.com,Tesla,Round3,https://calendly.com/interview/58477,05 Nov 13:28,,
Sanya Reddy,sanya.reddy733@gmail1234.com,Amazon,Round1,https://calendly.com/interview/84206,04 Nov 8:59,,
Vivaan Reddy,vivaan.reddy544@gmail1234.com,Tesla,Round1,https://calendly.com/interview/32917,03 Nov 1:53,,
Vivaan Reddy,vivaan.reddy544@gmail1234.com,Tesla,Round2,https://calendly.com/interview/47032,03 Nov 1:53,,
Virat Mehta,virat.mehta7@gmail1234.com,Tesla,Round1,https://calendly.com/interview/35453,04 Nov 7:54,,
Virat Mehta,virat.mehta7@gmail1234.com,Tesla,Round2,https://calendly.com/interview/97590,04 Nov 7:54,,
Neha Kapoor,neha.kapoor273@gmail1234.com,Amazon,Round1,https://calendly.com/interview/83420,03 Nov 11:56,,
Aditya Reddy,aditya.reddy756@gmail1234.com,Tesla,Round1,https://calendly.com/interview/98033,02 Nov 1:41,,
Ishaan Iyer,ishaan.iyer48@gmail1234.com,Amazon,Round1,https://calendly.com/interview/44498,03 Nov 22:38,,
Kritika Sharma,kritika.sharma925@gmail1234.com,Open AI,Round1,https://calendly.com/interview/20057,05 Nov 18:53,,
Kritika Sharma,kritika.sharma925@gmail1234.com,Open AI,Round2,https://calendly.com/interview/78685,05 Nov 18:53,,
Rohan Bose,rohan.bose832@gmail1234.com,Tesla,Round1,https://calendly.com/interview/39662,02 Nov 3:21,,
Virat Reddy,virat.reddy310@gmail1234.com,Tesla,Round1,https://calendly.com/interview/45861,03 Nov 16:46,,
Aarav Bose,aarav.bose514@gmail1234.com,Tesla,Round1,https://calendly.com/interview/48478,03 Nov 14:26,,
Priya Gupta,priya.gupta11@gmail1234.com,Flipkart,Round1,https://calendly.com/interview/78477,04 Nov 16:55,,
Priya Gupta,priya.gupta11@gmail1234.com,Flipkart,Round2,https://calendly.com/interview/28639,04 Nov 16:55,,
Kabir Kapoor,kabir.kapoor871@gmail1234.com,Tesla,Round1,https://calendly.com/interview/39120,05 Nov 13:50,,
Kabir Kapoor,kabir.kapoor871@gmail1234.com,Tesla,Round2,https://calendly.com/interview/36789,05 Nov 13:50,,
Kabir Kapoor,kabir.kapoor871@gmail1234.com,Tesla,Round3,https://calendly.com/interview/24812,05 Nov 13:50,,
Priya Reddy,priya.reddy886@gmail1234.com,Open AI,Round1,https://calendly.com/interview/23582,02 Nov 18:21,,
Priya Reddy,priya.reddy886@gmail1234.com,Open AI,Round2,https://calendly.com/interview/49602,02 Nov 18:21,,
Priya Reddy,priya.reddy886@gmail1234.com,Open AI,Round3,https://calendly.com/interview/37379,02 Nov 18:21,,
Ananya Gupta,ananya.gupta284@gmail1234.com,Flipkart,Round1,https://calendly.com/interview/67848,03 Nov 19:24,,
Ananya Gupta,ananya.gupta284@gmail1234.com,Flipkart,Round2,https://calendly.com/interview/75627,03 Nov 19:24,,
Ananya Gupta,ananya.gupta284@gmail1234.com,Flipkart,Round3,https://calendly.com/interview/76704,03 Nov 19:24,,
Ananya Kapoor,ananya.kapoor497@gmail1234.com,Amazon,Round1,https://calendly.com/interview/23996,02 Nov 22:08,,
Ananya Kapoor,ananya.kapoor497@gmail1234.com,Amazon,Round2,https://calendly.com/interview/55695,02 Nov 22:08,,
Rohan Iyer,rohan.iyer423@gmail1234.com,Amazon,Round1,https://calendly.com/interview/23603,05 Nov 0:47,,
Isha Verma,isha.verma366@gmail1234.com,Open AI,Round1,https://calendly.com/interview/54605,05 Nov 15:20,,
Isha Verma,isha.verma366@gmail1234.com,Open AI,Round2,https://calendly.com/interview/17579,05 Nov 15:20,,
Aarav Bose,aarav.bose380@gmail1234.com,Tesla,Round1,https://calendly.com/interview/89800,03 Nov 7:19,,
Pooja Kapoor,pooja.kapoor277@gmail1234.com,Flipkart,Round1,https://calendly.com/interview/68257,04 Nov 16:31,,
Pooja Kapoor,pooja.kapoor277@gmail1234.com,Flipkart,Round2,https://calendly.com/interview/88241,04 Nov 16:31,,
Pooja Kapoor,pooja.kapoor277@gmail1234.com,Flipkart,Round3,https://calendly.com/interview/47545,04 Nov 16:31,,
Neha Nair,neha.nair280@gmail1234.com,Flipkart,Round1,https://calendly.com/interview/85680,04 Nov 10:28,,
Neha Nair,neha.nair280@gmail1234.com,Flipkart,Round2,https://calendly.com/interview/70826,04 Nov 10:28,,
Neha Nair,neha.nair280@gmail1234.com,Flipkart,Round3,https://calendly.com/interview/72200,04 Nov 10:28,,
Kabir Gupta,kabir.gupta19@gmail1234.com,Amazon,Round1,https://calendly.com/interview/67186,03 Nov 19:43,,
Kabir Gupta,kabir.gupta19@gmail1234.com,Amazon,Round2,https://calendly.com/interview/68145,03 Nov 19:43,,
Kabir Gupta,kabir.gupta19@gmail1234.com,Amazon,Round3,https://calendly.com/interview/56995,03 Nov 19:43,,
Rohan Patel,rohan.patel141@gmail1234.com,Google,Round1,https://calendly.com/interview/92058,05 Nov 6:41,,
Rohan Patel,rohan.patel141@gmail1234.com,Google,Round2,https://calendly.com/interview/43650,05 Nov 6:41,,
Simran Gupta,simran.gupta410@gmail1234.com,Amazon,Round1,https://calendly.com/interview/63269,04 Nov 23:09,,
Simran Mehta,simran.mehta322@gmail1234.com,Open AI,Round1,https://calendly.com/interview/78391,03 Nov 2:53,,
Simran Mehta,simran.mehta322@gmail1234.com,Open AI,Round2,https://calendly.com/interview/40015,03 Nov 2:53,,
Simran Mehta,simran.mehta322@gmail1234.com,Open AI,Round3,https://calendly.com/interview/81108,03 Nov 2:53,,
Kunal Kapoor,kunal.kapoor279@gmail1234.com,Amazon,Round1,https://calendly.com/interview/93776,05 Nov 6:06,,
Vivaan Verma,vivaan.verma965@gmail1234.com,Open AI,Round1,https://calendly.com/interview/84895,05 Nov 8:14,,
Virat Patel,virat.patel493@gmail1234.com,Tesla,Round1,https://calendly.com/interview/22491,04 Nov 5:02,,
Virat Patel,virat.patel493@gmail1234.com,Tesla,Round2,https://calendly.com/interview/29062,04 Nov 5:02,,
Virat Patel,virat.patel493@gmail1234.com,Tesla,Round3,https://calendly.com/interview/53385,04 Nov 5:02,,
Virat Gupta,virat.gupta199@gmail1234.com,Amazon,Round1,https://calendly.com/interview/13551,02 Nov 2:42,,
Virat Gupta,virat.gupta199@gmail1234.com,Amazon,Round2,https://calendly.com/interview/68952,02 Nov 2:42,,
Vivaan Patel,vivaan.patel914@gmail1234.com,Open AI,Round1,https://calendly.com/interview/82695,02 Nov 18:33,,
Vivaan Patel,vivaan.patel914@gmail1234.com,Open AI,Round2,https://calendly.com/interview/91707,02 Nov 18:33,,
Vivaan Patel,vivaan.patel914@gmail1234.com,Open AI,Round3,https://calendly.com/interview/54767,02 Nov 18:33,,
Arjun Nair,arjun.nair23@gmail1234.com,Open AI,Round1,https://calendly.com/interview/63400,04 Nov 15:55,,
Arjun Nair,arjun.nair23@gmail1234.com,Open AI,Round2,https://calendly.com/interview/40106,04 Nov 15:55,,
Virat Nair,virat.nair28@gmail1234.com,Open AI,Round1,https://calendly.com/interview/40008,03 Nov 6:50,,
Virat Nair,virat.nair28@gmail1234.com,Open AI,Round2,https://calendly.com/interview/39975,03 Nov 6:50,,
Vivaan Iyer,vivaan.iyer224@gmail1234.com,Flipkart,Round1,https://calendly.com/interview/93557,04 Nov 21:29,,
Vivaan Iyer,vivaan.iyer224@gmail1234.com,Flipkart,Round2,https://calendly.com/interview/71337,04 Nov 21:29,,
Vivaan Iyer,vivaan.iyer224@gmail1234.com,Flipkart,Round3,https://calendly.com/interview/14678,04 Nov 21:29,,
Kritika Reddy,kritika.reddy492@gmail1234.com,Tesla,Round1,https://calendly.com/interview/12242,05 Nov 3:33,,
Kritika Reddy,kritika.reddy492@gmail1234.com,Tesla,Round2,https://calendly.com/interview/88175,05 Nov 3:33,,
Kritika Reddy,kritika.reddy492@gmail1234.com,Tesla,Round3,https://calendly.com/interview/63178,05 Nov 3:33,,
Aarav Verma,aarav.verma365@gmail1234.com,Flipkart,Round1,https://calendly.com/interview/31755,04 Nov 4:34,,
Rohan Bose,rohan.bose118@gmail1234.com,Flipkart,Round1,https://calendly.com/interview/87788,03 Nov 1:43,,
Vivaan Mehta,vivaan.mehta273@gmail1234.com,Amazon,Round1,https://calendly.com/interview/54659,04 Nov 12:07,,
Vivaan Mehta,vivaan.mehta273@gmail1234.com,Amazon,Round2,https://calendly.com/interview/89131,04 Nov 12:07,,
Rahul Sharma,rahul.sharma725@gmail1234.com,Open AI,Round1,https://calendly.com/interview/41208,01 Nov 15:07,,
Rahul Sharma,rahul.sharma725@gmail1234.com,Open AI,Round2,https://calendly.com/interview/59134,01 Nov 15:07,,
Ishaan Bose,ishaan.bose528@gmail1234.com,Google,Round1,https://calendly.com/interview/92747,05 Nov 5:07,,
Sanya Verma,sanya.verma227@gmail1234.com,Tesla,Round1,https://calendly.com/interview/20620,03 Nov 23:42,,
Sanya Verma,sanya.verma227@gmail1234.com,Tesla,Round2,https://calendly.com/interview/69671,03 Nov 23:42,,
Sanya Verma,sanya.verma227@gmail1234.com,Tesla,Round3,https://calendly.com/interview/59556,03 Nov 23:42,,
Vivaan Gupta,vivaan.gupta39@gmail1234.com,Open AI,Round1,https://calendly.com/interview/98089,01 Nov 14:22,,
Vivaan Gupta,vivaan.gupta39@gmail1234.com,Open AI,Round2,https://calendly.com/interview/20872,01 Nov 14:22,,
Vivaan Gupta,vivaan.gupta39@gmail1234.com,Open AI,Round3,https://calendly.com/interview/46321,01 Nov 14:22,,
Neha Sharma,neha.sharma771@gmail1234.com,Google,Round1,https://calendly.com/interview/61840,01 Nov 11:47,,
Neha Sharma,neha.sharma771@gmail1234.com,Google,Round2,https://calendly.com/interview/37902,01 Nov 11:47,,
Neha Sharma,neha.sharma771@gmail1234.com,Google,Round3,https://calendly.com/interview/17974,01 Nov 11:47,,
Sanya Verma,sanya.verma607@gmail1234.com,Flipkart,Round1,https://calendly.com/interview/90265,02 Nov 23:18,,
Kabir Mehta,kabir.mehta526@gmail1234.com,Flipkart,Round1,https://calendly.com/interview/97356,05 Nov 19:40,,
Kabir Mehta,kabir.mehta526@gmail1234.com,Flipkart,Round2,https://calendly.com/interview/57295,05 Nov 19:40,,
Kabir Nair,kabir.nair754@gmail1234.com,Google,Round1,https://calendly.com/interview/77457,04 Nov 15:45,,
Ananya Patel,ananya.patel384@gmail1234.com,Tesla,Round1,https://calendly.com/interview/90729,01 Nov 18:39,,
Isha Sharma,isha.sharma190@gmail1234.com,Amazon,Round1,https://calendly.com/interview/29543,05 Nov 18:35,,
Pooja Sharma,pooja.sharma827@gmail1234.com,Open AI,Round1,https://calendly.com/interview/44609,02 Nov 13:57,,
Pooja Sharma,pooja.sharma827@gmail1234.com,Open AI,Round2,https://calendly.com/interview/77624,02 Nov 13:57,,
Pooja Sharma,pooja.sharma827@gmail1234.com,Open AI,Round3,https://calendly.com/interview/28417,02 Nov 13:57,,
Ishaan Bose,ishaan.bose541@gmail1234.com,Tesla,Round1,https://calendly.com/interview/64672,03 Nov 19:49,,
Ishaan Bose,ishaan.bose541@gmail1234.com,Tesla,Round2,https://calendly.com/interview/85502,03 Nov 19:49,,
Ananya Iyer,ananya.iyer68@gmail1234.com,Flipkart,Round1,https://calendly.com/interview/17698,03 Nov 23:15,,
Ananya Iyer,ananya.iyer68@gmail1234.com,Flipkart,Round2,https://calendly.com/interview/41139,03 Nov 23:15,,
Virat Kapoor,virat.kapoor507@gmail1234.com,Flipkart,Round1,https://calendly.com/interview/93088,02 Nov 10:41,,
Virat Kapoor,virat.kapoor507@gmail1234.com,Flipkart,Round2,https://calendly.com/interview/78855,02 Nov 10:41,,
Aditya Gupta,aditya.gupta426@gmail1234.com,Tesla,Round1,https://calendly.com/interview/17291,01 Nov 22:31,,
Simran Kapoor,simran.kapoor996@gmail1234.com,Amazon,Round1,https://calendly.com/interview/75739,02 Nov 21:36,,
Simran Kapoor,simran.kapoor996@gmail1234.com,Amazon,Round2,https://calendly.com/interview/66316,02 Nov 21:36,,
Simran Kapoor,simran.kapoor996@gmail1234.com,Amazon,Round3,https://calendly.com/interview/72029,02 Nov 21:36,,
Kritika Kapoor,kritika.kapoor736@gmail1234.com,Open AI,Round1,https://calendly.com/interview/53737,03 Nov 6:17,,
Kritika Kapoor,kritika.kapoor736@gmail1234.com,Open AI,Round2,https://calendly.com/interview/86470,03 Nov 6:17,,
Kunal Mehta,kunal.mehta828@gmail1234.com,Google,Round1,https://calendly.com/interview/45446,02 Nov 9:13,,
Rahul Reddy,rahul.reddy265@gmail1234.com,Amazon,Round1,https://calendly.com/interview/34175,01 Nov 18:09,,
Rahul Reddy,rahul.reddy265@gmail1234.com,Amazon,Round2,https://calendly.com/interview/68520,01 Nov 18:09,,
Ishaan Bose,ishaan.bose756@gmail1234.com,Amazon,Round1,https://calendly.com/interview/10859,03 Nov 9:14,,
Aditya Iyer,aditya.iyer747@gmail1234.com,Google,Round1,https://calendly.com/interview/65553,01 Nov 11:26,,
Aditya Iyer,aditya.iyer747@gmail1234.com,Google,Round2,https://calendly.com/interview/85610,01 Nov 11:26,,
Priya Iyer,priya.iyer69@gmail1234.com,Google,Round1,https://calendly.com/interview/96476,05 Nov 11:29,,
Priya Iyer,priya.iyer69@gmail1234.com,Google,Round2,https://calendly.com/interview/68726,05 Nov 11:29,,
Kunal Patel,kunal.patel896@gmail1234.com,Open AI,Round1,https://calendly.com/interview/95438,05 Nov 1:57,,
Kunal Patel,kunal.patel896@gmail1234.com,Open AI,Round2,https://calendly.com/interview/66612,05 Nov 1:57,,
Vivaan Nair,vivaan.nair78@gmail1234.com,Amazon,Round1,https://calendly.com/interview/56367,02 Nov 20:49,,
Pooja Kapoor,pooja.kapoor753@gmail1234.com,Google,Round1,https://calendly.com/interview/79250,03 Nov 19:28,,
Pooja Kapoor,pooja.kapoor753@gmail1234.com,Google,Round2,https://calendly.com/interview/69273,03 Nov 19:28,,
Virat Nair,virat.nair278@gmail1234.com,Flipkart,Round1,https://calendly.com/interview/79906,03 Nov 22:36,,
Priya Patel,priya.patel826@gmail1234.com,Google,Round1,https://calendly.com/interview/88867,03 Nov 12:10,,
Priya Patel,priya.patel826@gmail1234.com,Google,Round2,https://calendly.com/interview/38713,03 Nov 12:10,,
Priya Patel,priya.patel826@gmail1234.com,Google,Round3,https://calendly.com/interview/74181,03 Nov 12:10,,
Aarav Kapoor,aarav.kapoor294@gmail1234.com,Tesla,Round1,https://calendly.com/interview/17841,03 Nov 3:17,,
Aarav Kapoor,aarav.kapoor294@gmail1234.com,Tesla,Round2,https://calendly.com/interview/56322,03 Nov 3:17,,
Aarav Kapoor,aarav.kapoor294@gmail1234.com,Tesla,Round3,https://calendly.com/interview/67065,03 Nov 3:17,,
Kabir Reddy,kabir.reddy120@gmail1234.com,Google,Round1,https://calendly.com/interview/28066,02 Nov 8:57,,
Kabir Reddy,kabir.reddy288@gmail1234.com,Tesla,Round1,https://calendly.com/interview/63904,03 Nov 5:13,,
Rohan Sharma,rohan.sharma958@gmail1234.com,Amazon,Round1,https://calendly.com/interview/27529,04 Nov 20:44,,
Rohan Sharma,rohan.sharma958@gmail1234.com,Amazon,Round2,https://calendly.com/interview/46987,04 Nov 20:44,,
Rohan Sharma,rohan.sharma958@gmail1234.com,Amazon,Round3,https://calendly.com/interview/72016,04 Nov 20:44,,
Kunal Reddy,kunal.reddy598@gmail1234.com,Open AI,Round1,https://calendly.com/interview/18731,01 Nov 18:38,,
Kunal Reddy,kunal.reddy598@gmail1234.com,Open AI,Round2,https://calendly.com/interview/97656,01 Nov 18:38,,
Neha Kapoor,neha.kapoor129@gmail1234.com,Flipkart,Round1,https://calendly.com/interview/46902,03 Nov 8:13,,
Neha Kapoor,neha.kapoor129@gmail1234.com,Flipkart,Round2,https://calendly.com/interview/75493,03 Nov 8:13,,
Neha Kapoor,neha.kapoor129@gmail1234.com,Flipkart,Round3,https://calendly.com/interview/16175,03 Nov 8:13,,
Priya Patel,priya.patel742@gmail1234.com,Tesla,Round1,https://calendly.com/interview/84797,03 Nov 1:28,,
Sanya Nair,sanya.nair877@gmail1234.com,Open AI,Round1,https://calendly.com/interview/16391,01 Nov 13:55,,
Simran Mehta,simran.mehta708@gmail1234.com,Open AI,Round1,https://calendly.com/interview/32815,01 Nov 10:29,,
Simran Mehta,simran.mehta708@gmail1234.com,Open AI,Round2,https://calendly.com/interview/46448,01 Nov 10:29,,
Simran Mehta,simran.mehta708@gmail1234.com,Open AI,Round3,https://calendly.com/interview/44557,01 Nov 10:29,,
Virat Reddy,virat.reddy439@gmail1234.com,Amazon,Round1,https://calendly.com/interview/86665,03 Nov 19:31,,
Virat Reddy,virat.reddy439@gmail1234.com,Amazon,Round2,https://calendly.com/interview/19865,03 Nov 19:31,,
Virat Reddy,virat.reddy439@gmail1234.com,Amazon,Round3,https://calendly.com/interview/94884,03 Nov 19:31,,
Rohan Mehta,rohan.mehta806@gmail1234.com,Open AI,Round1,https://calendly.com/interview/51039,05 Nov 4:43,,
